,0
0,sexual AND relacionar
1,sexual AND parejo
2,sexual AND disfrutar
3,sexual AND relacion
4,sexual AND adquirir
5,sexual AND practicar
6,sexual AND significar
7,sexual AND gustar
8,sexual AND respetar
9,sexual AND vih
10,sexual AND consentimiento
11,sexual AND contactar
12,sexual AND identificar
13,sexual AND querer
14,sexual AND acto
15,sexual AND anal
16,sexual AND comunicacion
17,sexual AND placentero
18,sexual AND orientacion
19,sexual AND compartir
20,relacionar AND adquirir
21,relacionar AND sexual
22,relacionar AND contactar
23,relacionar AND significar
24,relacionar AND comunicacion
25,relacionar AND its
26,relacionar AND transmitir
27,relacionar AND presion
28,relacionar AND respetar
29,relacionar AND incluir
30,relacionar AND consentimiento
31,relacionar AND compartir
32,relacionar AND relacion
33,relacionar AND actividad
34,relacionar AND ayudar
35,relacionar AND diferenciar
36,relacionar AND definir
37,relacionar AND establecer
38,relacionar AND protegerte
39,relacionar AND malo
40,personar AND atraccion
41,personar AND sentir
42,personar AND sexo
43,personar AND parejo
44,personar AND orientacion
45,personar AND practicar
46,personar AND gustar
47,personar AND placer
48,personar AND disfrutar
49,personar AND identificar
50,personar AND acto
51,personar AND sexual
52,personar AND querer
53,personar AND sexualidad
54,personar AND excitacion
55,personar AND relacion
56,personar AND consentimiento
57,personar AND respetar
58,personar AND orgasmo
59,personar AND resultar
60,salud AND asesoria
61,salud AND centrar
62,salud AND asistir
63,salud AND citar
64,salud AND recomer
65,salud AND solicitar
66,salud AND anticoncepcion
67,salud AND atencion
68,salud AND recibir
69,salud AND consultar
70,salud AND asesorar
71,salud AND entidad
72,salud AND eps
73,salud AND dudar
74,salud AND necesidad
75,salud AND medicar
76,salud AND gratuito
77,salud AND valoracion
78,salud AND poder
79,salud AND garantizar
80,embarazar AND regular
81,embarazar AND hormonal
82,embarazar AND pildora
83,embarazar AND metodo
84,embarazar AND largo
85,embarazar AND intrauterino
86,embarazar AND efecto
87,embarazar AND disminuir
88,embarazar AND efectividad
89,embarazar AND tomar
90,embarazar AND mes
91,embarazar AND implantar
92,embarazar AND menstruacion
93,embarazar AND diu
94,embarazar AND emergencia
95,embarazar AND dispositivo
96,embarazar AND duracion
97,embarazar AND primero
98,embarazar AND doblar
99,embarazar AND hormona
100,condon AND infección
101,condon AND prevenir
102,condon AND unico
103,condon AND embarazo
104,condon AND transmision
105,condon AND proteger
106,condon AND prevencion
107,condon AND protegerte
108,condon AND doblar
109,condon AND adecuar
110,condon AND barrera
111,condon AND planear
112,condon AND largo
113,condon AND descartar
114,condon AND recomendar
115,condon AND its
116,condon AND dudar
117,condon AND preservativo
118,condon AND infeccion
119,condon AND adicionalmente
120,anticonceptivo AND pastilla
121,anticonceptivo AND emergencia
122,anticonceptivo AND metodo
123,anticonceptivo AND pildora
124,anticonceptivo AND hormonal
125,anticonceptivo AND efecto
126,anticonceptivo AND efectividad
127,anticonceptivo AND tomar
128,anticonceptivo AND anticoncepcion
129,anticonceptivo AND embarazar
130,anticonceptivo AND regular
131,anticonceptivo AND implantar
132,anticonceptivo AND entidad
133,anticonceptivo AND menstruacion
134,anticonceptivo AND asistir
135,anticonceptivo AND necesidad
136,anticonceptivo AND asesorar
137,anticonceptivo AND citar
138,anticonceptivo AND recomer
139,anticonceptivo AND asesoria
140,infección AND transmision
141,infección AND condon
142,infección AND unico
143,infección AND proteger
144,infección AND infeccion
145,infección AND enfermedad
146,infección AND barrera
147,infección AND prevenir
148,infección AND embarazo
149,infección AND prevencion
150,infección AND protegerte
151,infección AND preservativo
152,infección AND doblar
153,infección AND contagiar
154,infección AND sifili
155,infección AND its
156,infección AND planear
157,infección AND condonar
158,infección AND descartar
159,infección AND largo
160,poder AND especificar
161,poder AND eps
162,poder AND garantizar
163,poder AND acudir
164,poder AND requerir
165,poder AND medicar
166,poder AND linear
167,poder AND recibir
168,poder AND dudar
169,poder AND gratuito
170,poder AND adecuar
171,poder AND comunicarte
172,poder AND solicitar
173,poder AND temer
174,poder AND consultar
175,poder AND valorar
176,poder AND bogota
177,poder AND seguro
178,poder AND situacion
179,poder AND social
180,transmision AND infección
181,transmision AND proteger
182,transmision AND condon
183,transmision AND unico
184,transmision AND infeccion
185,transmision AND enfermedad
186,transmision AND barrera
187,transmision AND preservativo
188,transmision AND prevenir
189,transmision AND contagiar
190,transmision AND prevencion
191,transmision AND vih
192,transmision AND sida
193,transmision AND embarazo
194,transmision AND doblar
195,transmision AND trasmision
196,transmision AND protegerte
197,transmision AND sifili
198,transmision AND adquirir
199,transmision AND its
200,asistir AND citar
201,asistir AND anticoncepcion
202,asistir AND asesoria
203,asistir AND entidad
204,asistir AND salud
205,asistir AND recomer
206,asistir AND asesorar
207,asistir AND necesidad
208,asistir AND centrar
209,asistir AND solicitar
210,asistir AND consultar
211,asistir AND dudar
212,asistir AND atencion
213,asistir AND recibir
214,asistir AND eps
215,asistir AND metodo
216,asistir AND gratuito
217,asistir AND prevenir
218,asistir AND medicar
219,asistir AND emergencia
220,parejo AND practicar
221,parejo AND gustar
222,parejo AND disfrutar
223,parejo AND identificar
224,parejo AND placer
225,parejo AND relacion
226,parejo AND excitacion
227,parejo AND atraccion
228,parejo AND placentero
229,parejo AND resultar
230,parejo AND significar
231,parejo AND acto
232,parejo AND malo
233,parejo AND consentimiento
234,parejo AND orientacion
235,parejo AND relacionar
236,parejo AND respetar
237,parejo AND orgasmo
238,parejo AND sexual
239,parejo AND querer
240,recomer AND asesoria
241,recomer AND centrar
242,recomer AND salud
243,recomer AND asistir
244,recomer AND recibir
245,recomer AND solicitar
246,recomer AND atencion
247,recomer AND prevenir
248,recomer AND valoracion
249,recomer AND dudar
250,recomer AND consultar
251,recomer AND asesorar
252,recomer AND medicar
253,recomer AND anticoncepcion
254,recomer AND citar
255,recomer AND eps
256,recomer AND adecuar
257,recomer AND efectividad
258,recomer AND regular
259,recomer AND necesidad
260,anticoncepcion AND citar
261,anticoncepcion AND asistir
262,anticoncepcion AND asesoria
263,anticoncepcion AND entidad
264,anticoncepcion AND salud
265,anticoncepcion AND asesorar
266,anticoncepcion AND necesidad
267,anticoncepcion AND recomer
268,anticoncepcion AND centrar
269,anticoncepcion AND solicitar
270,anticoncepcion AND metodo
271,anticoncepcion AND dudar
272,anticoncepcion AND consultar
273,anticoncepcion AND emergencia
274,anticoncepcion AND recibir
275,anticoncepcion AND atencion
276,anticoncepcion AND eps
277,anticoncepcion AND prevenir
278,anticoncepcion AND gratuito
279,anticoncepcion AND regular
280,consultar AND eps
281,consultar AND dudar
282,consultar AND solicitar
283,consultar AND recibir
284,consultar AND gratuito
285,consultar AND atencion
286,consultar AND asesorar
287,consultar AND medicar
288,consultar AND poder
289,consultar AND garantizar
290,consultar AND especificar
291,consultar AND adecuar
292,consultar AND necesidad
293,consultar AND valoracion
294,consultar AND siguiente
295,consultar AND asesoria
296,consultar AND recomendar
297,consultar AND requerir
298,consultar AND contenido
299,consultar AND acudir
300,ano AND tratar
301,ano AND familiar
302,ano AND adolescente
303,ano AND condonar
304,ano AND vacuno
305,ano AND uterino
306,ano AND acceder
307,ano AND vph
308,ano AND fertilidad
309,ano AND responsable
310,ano AND madre
311,ano AND alto
312,ano AND medicinar
313,ano AND papiloma
314,ano AND trompa
315,ano AND latex
316,ano AND bogota
317,ano AND vasectomia
318,ano AND humanar
319,ano AND razon
320,sentir AND sexo
321,sentir AND atraccion
322,sentir AND personar
323,sentir AND practicar
324,sentir AND parejo
325,sentir AND placer
326,sentir AND gustar
327,sentir AND orientacion
328,sentir AND excitacion
329,sentir AND identificar
330,sentir AND disfrutar
331,sentir AND orgasmo
332,sentir AND relacion
333,sentir AND anal
334,sentir AND acto
335,sentir AND resultar
336,sentir AND penar
337,sentir AND normal
338,sentir AND querer
339,sentir AND estimulacion
340,relacion AND placentero
341,relacion AND significar
342,relacion AND gustar
343,relacion AND malo
344,relacion AND estimulacion
345,relacion AND contactar
346,relacion AND actividad
347,relacion AND excitacion
348,relacion AND masturbacion
349,relacion AND conocer
350,relacion AND identificar
351,relacion AND placer
352,relacion AND disfrutar
353,relacion AND referir
354,relacion AND practicar
355,relacion AND presion
356,relacion AND comunicacion
357,relacion AND resultar
358,relacion AND orgasmo
359,relacion AND penetracion
360,casar AND probar
361,casar AND mesar
362,casar AND especificar
363,casar AND seguro
364,casar AND medicar
365,casar AND valoracion
366,casar AND adecuar
367,casar AND requerir
368,casar AND acudir
369,casar AND apropiar
370,casar AND situacion
371,casar AND desear
372,casar AND recomendar
373,casar AND descartar
374,casar AND iniciar
375,casar AND inmediato
376,casar AND examen
377,casar AND efectivo
378,casar AND adicionalmente
379,casar AND voluntario
380,tomar AND efectividad
381,tomar AND implantar
382,tomar AND regular
383,tomar AND medicamento
384,tomar AND efecto
385,tomar AND disminuir
386,tomar AND embarazar
387,tomar AND hormonal
388,tomar AND subdermico
389,tomar AND iniciar
390,tomar AND pildora
391,tomar AND metodo
392,tomar AND emergencia
393,tomar AND secundario
394,tomar AND menstruacion
395,tomar AND mes
396,tomar AND hormona
397,tomar AND efectivo
398,tomar AND intrauterino
399,tomar AND dispositivo
400,informacion AND sexperto
401,informacion AND acceder
402,informacion AND necesidad
403,informacion AND gratuito
404,informacion AND trasmision
405,informacion AND ano
406,informacion AND invitar
407,informacion AND siguiente
408,informacion AND contenido
409,informacion AND primero
410,informacion AND latex
411,informacion AND asesorar
412,informacion AND tratar
413,informacion AND valorar
414,informacion AND bogota
415,informacion AND proteger
416,informacion AND dudar
417,informacion AND temer
418,informacion AND garantizar
419,informacion AND barrera
420,presentar AND dolor
421,presentar AND liquidar
422,presentar AND problema
423,presentar AND sangrar
424,presentar AND seno
425,presentar AND semen
426,presentar AND cantidad
427,presentar AND orinar
428,presentar AND testiculo
429,presentar AND alteración
430,presentar AND tamano
431,presentar AND ocasionar
432,presentar AND piel
433,presentar AND algun
434,presentar AND molestia
435,presentar AND inflamacion
436,presentar AND frecuentar
437,presentar AND asociar
438,presentar AND utero
439,presentar AND normal
440,sexo AND sentir
441,sexo AND personar
442,sexo AND atraccion
443,sexo AND practicar
444,sexo AND parejo
445,sexo AND anal
446,sexo AND placer
447,sexo AND gustar
448,sexo AND excitacion
449,sexo AND identificar
450,sexo AND relacion
451,sexo AND orientacion
452,sexo AND sexual
453,sexo AND disfrutar
454,sexo AND orgasmo
455,sexo AND penar
456,sexo AND penetracion
457,sexo AND genital
458,sexo AND placentero
459,sexo AND masturbacion
460,derecho AND reproductivo
461,derecho AND colombia
462,derecho AND violencia
463,derecho AND victimar
464,derecho AND ley
465,derecho AND discapacidad
466,derecho AND temer
467,derecho AND edad
468,derecho AND social
469,derecho AND librar
470,derecho AND hijo
471,derecho AND denunciar
472,derecho AND fundamental
473,derecho AND legal
474,derecho AND linear
475,derecho AND querer
476,derecho AND delito
477,derecho AND acto
478,derecho AND garantizar
479,derecho AND apoyar
480,página AND segundo
481,página AND milisegundo
482,página AND http
483,página AND referenciar
484,página AND informacion
485,página AND trasmision
486,página AND sexperto
487,página AND latex
488,página AND ano
489,página AND proteger
490,página AND preservativo
491,página AND barrera
492,página AND primero
493,página AND infectar
494,página AND tratar
495,página AND virginidad
496,página AND uterino
497,página AND enfermedad
498,página AND alto
499,página AND acceder
500,medicar AND valoracion
501,medicar AND especificar
502,medicar AND adecuar
503,medicar AND recibir
504,medicar AND requerir
505,medicar AND casar
506,medicar AND acudir
507,medicar AND poder
508,medicar AND dudar
509,medicar AND probar
510,medicar AND recomendar
511,medicar AND eps
512,medicar AND mesar
513,medicar AND descartar
514,medicar AND atencion
515,medicar AND solicitar
516,medicar AND consultar
517,medicar AND garantizar
518,medicar AND gratuito
519,medicar AND apropiar
520,penar AND eyaculacion
521,penar AND penetracion
522,penar AND excitacion
523,penar AND genital
524,penar AND normal
525,penar AND lubricacion
526,penar AND orgasmo
527,penar AND semen
528,penar AND estimulacion
529,penar AND ereccion
530,penar AND vagina
531,penar AND placer
532,penar AND liquidar
533,penar AND masturbacion
534,penar AND tamano
535,penar AND dolor
536,penar AND vaginal
537,penar AND relacion
538,penar AND femenino
539,penar AND practicar
540,causar AND uterino
541,causar AND probabilidad
542,causar AND generalmente
543,causar AND organo
544,causar AND producto
545,causar AND bajo
546,causar AND sintoma
547,causar AND zona
548,causar AND enfermedad
549,causar AND herp
550,causar AND factor
551,causar AND lubricante
552,causar AND vph
553,causar AND papiloma
554,causar AND contagiar
555,causar AND razonar
556,causar AND doloroso
557,causar AND estudio
558,causar AND posibilidad
559,causar AND flujo
560,citar AND anticoncepcion
561,citar AND asistir
562,citar AND entidad
563,citar AND asesoria
564,citar AND salud
565,citar AND asesorar
566,citar AND necesidad
567,citar AND recomer
568,citar AND solicitar
569,citar AND centrar
570,citar AND consultar
571,citar AND dudar
572,citar AND atencion
573,citar AND eps
574,citar AND recibir
575,citar AND gratuito
576,citar AND metodo
577,citar AND emergencia
578,citar AND prevenir
579,citar AND regular
580,infeccion AND contagiar
581,infeccion AND enfermedad
582,infeccion AND adquirir
583,infeccion AND sida
584,infeccion AND transmitir
585,infeccion AND herp
586,infeccion AND sifili
587,infeccion AND vih
588,infeccion AND infectar
589,infeccion AND humanar
590,infeccion AND papiloma
591,infeccion AND vph
592,infeccion AND sintoma
593,infeccion AND condonar
594,infeccion AND its
595,infeccion AND tipo
596,infeccion AND uterino
597,infeccion AND lubricante
598,infeccion AND infección
599,infeccion AND preservativo
600,genital AND lubricacion
601,genital AND vaginal
602,genital AND contactar
603,genital AND piel
604,genital AND penetracion
605,genital AND semen
606,genital AND liquidar
607,genital AND estimulacion
608,genital AND excitacion
609,genital AND ereccion
610,genital AND femenino
611,genital AND relacion
612,genital AND lesionar
613,genital AND inflamacion
614,genital AND eyacular
615,genital AND eyaculacion
616,genital AND placentero
617,genital AND estimular
618,genital AND normal
619,genital AND dolor
620,desear AND seguro
621,desear AND situacion
622,desear AND ser
623,desear AND recomendable
624,desear AND consecuencia
625,desear AND condicionar
626,desear AND marcar
627,desear AND situación
628,desear AND fisico
629,desear AND its
630,desear AND decisión
631,desear AND etcétera
632,desear AND esperar
633,desear AND apropiar
634,desear AND emocional
635,desear AND manejar
636,desear AND social
637,desear AND acceso
638,desear AND incluir
639,desear AND voluntario
640,sangrar AND presentar
641,sangrar AND alteración
642,sangrar AND menstrual
643,sangrar AND dolor
644,sangrar AND seno
645,sangrar AND ciclar
646,sangrar AND utero
647,sangrar AND cantidad
648,sangrar AND hormona
649,sangrar AND secundario
650,sangrar AND alterar
651,sangrar AND semana
652,sangrar AND problema
653,sangrar AND orinar
654,sangrar AND frecuente
655,sangrar AND retrasar
656,sangrar AND molestia
657,sangrar AND ovulo
658,sangrar AND frecuentar
659,sangrar AND espermatozoide
660,tipo AND producto
661,tipo AND razon
662,tipo AND unica
663,tipo AND empezar
664,tipo AND factor
665,tipo AND influir
666,tipo AND existir
667,tipo AND ver
668,tipo AND organo
669,tipo AND dejar
670,tipo AND posibilidad
671,tipo AND citologia
672,tipo AND lubricante
673,tipo AND herp
674,tipo AND higiene
675,tipo AND psicologico
676,tipo AND razonar
677,tipo AND vph
678,tipo AND afectar
679,tipo AND estudio
680,dolor AND presentar
681,dolor AND liquidar
682,dolor AND lubricacion
683,dolor AND tamano
684,dolor AND piel
685,dolor AND normal
686,dolor AND seno
687,dolor AND ereccion
688,dolor AND inflamacion
689,dolor AND orinar
690,dolor AND cantidad
691,dolor AND semen
692,dolor AND problema
693,dolor AND testiculo
694,dolor AND utero
695,dolor AND eyacular
696,dolor AND flujo
697,dolor AND alteración
698,dolor AND femenino
699,dolor AND vaginal
700,recibir AND atencion
701,recibir AND solicitar
702,recibir AND eps
703,recibir AND medicar
704,recibir AND dudar
705,recibir AND consultar
706,recibir AND poder
707,recibir AND valoracion
708,recibir AND especificar
709,recibir AND garantizar
710,recibir AND gratuito
711,recibir AND centrar
712,recibir AND adecuar
713,recibir AND requerir
714,recibir AND asesorar
715,recibir AND acudir
716,recibir AND recomendar
717,recibir AND asesoria
718,recibir AND casar
719,recibir AND probar
720,sexualidad AND vida
721,sexualidad AND disfrutar
722,sexualidad AND discapacidad
723,sexualidad AND significar
724,sexualidad AND respetar
725,sexualidad AND acto
726,sexualidad AND compartir
727,sexualidad AND malo
728,sexualidad AND explorar
729,sexualidad AND placentero
730,sexualidad AND identificar
731,sexualidad AND consentimiento
732,sexualidad AND abusar
733,sexualidad AND referir
734,sexualidad AND humano
735,sexualidad AND gustar
736,sexualidad AND experiencia
737,sexualidad AND querer
738,sexualidad AND actividad
739,sexualidad AND definir
740,adecuar AND recomendar
741,adecuar AND requerir
742,adecuar AND especificar
743,adecuar AND descartar
744,adecuar AND embarazo
745,adecuar AND acudir
746,adecuar AND mesar
747,adecuar AND examen
748,adecuar AND medicar
749,adecuar AND apropiar
750,adecuar AND prevencion
751,adecuar AND efectivo
752,adecuar AND adicionalmente
753,adecuar AND inmediato
754,adecuar AND iniciar
755,adecuar AND valorar
756,adecuar AND probar
757,adecuar AND planear
758,adecuar AND empacar
759,adecuar AND correcto
760,prevenir AND condon
761,prevenir AND embarazo
762,prevenir AND unico
763,prevenir AND adecuar
764,prevenir AND dudar
765,prevenir AND prevencion
766,prevenir AND recomendar
767,prevenir AND regular
768,prevenir AND infección
769,prevenir AND protegerte
770,prevenir AND asesorar
771,prevenir AND largo
772,prevenir AND doblar
773,prevenir AND descartar
774,prevenir AND especificar
775,prevenir AND medicar
776,prevenir AND planear
777,prevenir AND recomer
778,prevenir AND gratuito
779,prevenir AND efectivo
780,querer AND consentimiento
781,querer AND respetar
782,querer AND acto
783,querer AND librar
784,querer AND establecer
785,querer AND definir
786,querer AND discapacidad
787,querer AND emocional
788,querer AND ley
789,querer AND identificar
790,querer AND incluir
791,querer AND ayudar
792,querer AND orientacion
793,querer AND vida
794,querer AND ejercer
795,querer AND disfrutar
796,querer AND ser
797,querer AND compartir
798,querer AND comunicacion
799,querer AND fisica
800,normal AND estimulacion
801,normal AND excitacion
802,normal AND tamano
803,normal AND femenino
804,normal AND ereccion
805,normal AND orgasmo
806,normal AND eyacular
807,normal AND estimular
808,normal AND liquidar
809,normal AND lubricacion
810,normal AND conocer
811,normal AND semen
812,normal AND dolor
813,normal AND resultar
814,normal AND malo
815,normal AND cuerpo
816,normal AND masturbacion
817,normal AND eyaculacion
818,normal AND placentero
819,normal AND relacion
820,vaginal AND lubricacion
821,vaginal AND genital
822,vaginal AND piel
823,vaginal AND contactar
824,vaginal AND penetracion
825,vaginal AND oral
826,vaginal AND dolor
827,vaginal AND liquidar
828,vaginal AND semen
829,vaginal AND vagina
830,vaginal AND inflamacion
831,vaginal AND lesionar
832,vaginal AND ereccion
833,vaginal AND femenino
834,vaginal AND flujo
835,vaginal AND eyacular
836,vaginal AND estimular
837,vaginal AND estimulacion
838,vaginal AND doloroso
839,vaginal AND normal
840,entidad AND necesidad
841,entidad AND citar
842,entidad AND asistir
843,entidad AND asesorar
844,entidad AND anticoncepcion
845,entidad AND asesoria
846,entidad AND dudar
847,entidad AND salud
848,entidad AND gratuito
849,entidad AND consultar
850,entidad AND solicitar
851,entidad AND metodo
852,entidad AND eps
853,entidad AND recomer
854,entidad AND recibir
855,entidad AND emergencia
856,entidad AND centrar
857,entidad AND atencion
858,entidad AND regular
859,entidad AND informacion
860,edad AND ley
861,edad AND delito
862,edad AND discapacidad
863,edad AND legal
864,edad AND abusar
865,edad AND apoyar
866,edad AND colombiano
867,edad AND social
868,edad AND denunciar
869,edad AND librar
870,edad AND fundamental
871,edad AND decisión
872,edad AND humano
873,edad AND hijo
874,edad AND ejercer
875,edad AND ejercicio
876,edad AND vida
877,edad AND establecer
878,edad AND incluir
879,edad AND bienestar
880,atencion AND recibir
881,atencion AND solicitar
882,atencion AND eps
883,atencion AND centrar
884,atencion AND consultar
885,atencion AND dudar
886,atencion AND medicar
887,atencion AND poder
888,atencion AND valoracion
889,atencion AND garantizar
890,atencion AND especificar
891,atencion AND asesoria
892,atencion AND gratuito
893,atencion AND salud
894,atencion AND recomer
895,atencion AND adecuar
896,atencion AND asesorar
897,atencion AND requerir
898,atencion AND acudir
899,atencion AND casar
900,hormonal AND efecto
901,hormonal AND pildora
902,hormonal AND embarazar
903,hormonal AND menstruacion
904,hormonal AND efectividad
905,hormonal AND metodo
906,hormonal AND implantar
907,hormonal AND tomar
908,hormonal AND emergencia
909,hormonal AND intrauterino
910,hormonal AND regular
911,hormonal AND diu
912,hormonal AND disminuir
913,hormonal AND periodo
914,hormonal AND dispositivo
915,hormonal AND hormona
916,hormonal AND subdermico
917,hormonal AND secundario
918,hormonal AND medicamento
919,hormonal AND largo
920,practicar AND parejo
921,practicar AND gustar
922,practicar AND placer
923,practicar AND excitacion
924,practicar AND relacion
925,practicar AND identificar
926,practicar AND disfrutar
927,practicar AND orgasmo
928,practicar AND placentero
929,practicar AND resultar
930,practicar AND estimulacion
931,practicar AND atraccion
932,practicar AND malo
933,practicar AND significar
934,practicar AND contactar
935,practicar AND masturbacion
936,practicar AND acto
937,practicar AND semen
938,practicar AND respetar
939,practicar AND genital
940,metodo AND emergencia
941,metodo AND regular
942,metodo AND pildora
943,metodo AND embarazar
944,metodo AND efectividad
945,metodo AND hormonal
946,metodo AND tomar
947,metodo AND efecto
948,metodo AND largo
949,metodo AND intrauterino
950,metodo AND asesorar
951,metodo AND implantar
952,metodo AND necesidad
953,metodo AND doblar
954,metodo AND disminuir
955,metodo AND primero
956,metodo AND medicamento
957,metodo AND recomendar
958,metodo AND subdermico
959,metodo AND diu
960,vida AND discapacidad
961,vida AND humano
962,vida AND respetar
963,vida AND abusar
964,vida AND compartir
965,vida AND delito
966,vida AND sexualidad
967,vida AND explorar
968,vida AND librar
969,vida AND establecer
970,vida AND edad
971,vida AND consentimiento
972,vida AND definir
973,vida AND fisica
974,vida AND ejercer
975,vida AND pornografia
976,vida AND significar
977,vida AND experiencia
978,vida AND referir
979,vida AND ley
980,asesoria AND salud
981,asesoria AND asistir
982,asesoria AND recomer
983,asesoria AND anticoncepcion
984,asesoria AND citar
985,asesoria AND centrar
986,asesoria AND asesorar
987,asesoria AND solicitar
988,asesoria AND entidad
989,asesoria AND atencion
990,asesoria AND dudar
991,asesoria AND necesidad
992,asesoria AND consultar
993,asesoria AND recibir
994,asesoria AND eps
995,asesoria AND gratuito
996,asesoria AND prevenir
997,asesoria AND medicar
998,asesoria AND metodo
999,asesoria AND regular
1000,pastilla AND emergencia
1001,pastilla AND anticonceptivo
1002,pastilla AND pildora
1003,pastilla AND efecto
1004,pastilla AND hormonal
1005,pastilla AND metodo
1006,pastilla AND efectividad
1007,pastilla AND tomar
1008,pastilla AND embarazar
1009,pastilla AND menstruacion
1010,pastilla AND implantar
1011,pastilla AND regular
1012,pastilla AND periodo
1013,pastilla AND intrauterino
1014,pastilla AND disminuir
1015,pastilla AND medicamento
1016,pastilla AND subdermico
1017,pastilla AND hormona
1018,pastilla AND diu
1019,pastilla AND secundario
1020,oral AND vaginal
1021,oral AND piel
1022,oral AND contactar
1023,oral AND lubricacion
1024,oral AND genital
1025,oral AND lesionar
1026,oral AND inflamacion
1027,oral AND flujo
1028,oral AND liquidar
1029,oral AND asociar
1030,oral AND femenino
1031,oral AND semen
1032,oral AND estimular
1033,oral AND posibilidad
1034,oral AND orinar
1035,oral AND algun
1036,oral AND eyacular
1037,oral AND especialmente
1038,oral AND dolor
1039,oral AND lubricante
1040,iniciar AND efectivo
1041,iniciar AND recomendar
1042,iniciar AND mesar
1043,iniciar AND mes
1044,iniciar AND disminuir
1045,iniciar AND correcto
1046,iniciar AND duracion
1047,iniciar AND inmediato
1048,iniciar AND semana
1049,iniciar AND medicamento
1050,iniciar AND empacar
1051,iniciar AND subdermico
1052,iniciar AND probar
1053,iniciar AND regular
1054,iniciar AND largo
1055,iniciar AND adecuar
1056,iniciar AND requerir
1057,iniciar AND descartar
1058,iniciar AND adicionalmente
1059,iniciar AND dispositivo
1060,vagina AND penetracion
1061,vagina AND lubricacion
1062,vagina AND himen
1063,vagina AND cuerpo
1064,vagina AND ereccion
1065,vagina AND masturbacion
1066,vagina AND genital
1067,vagina AND vaginal
1068,vagina AND zona
1069,vagina AND virginidad
1070,vagina AND estimulacion
1071,vagina AND penar
1072,vagina AND eyacular
1073,vagina AND eyaculacion
1074,vagina AND femenino
1075,vagina AND contactar
1076,vagina AND normal
1077,vagina AND virgen
1078,vagina AND tamano
1079,vagina AND piel
1080,menstrual AND ciclar
1081,menstrual AND menstruacion
1082,menstrual AND sangrar
1083,menstrual AND secundario
1084,menstrual AND hormona
1085,menstrual AND periodo
1086,menstrual AND medicamento
1087,menstrual AND implantar
1088,menstrual AND disminuir
1089,menstrual AND alteración
1090,menstrual AND dispositivo
1091,menstrual AND diu
1092,menstrual AND subdermico
1093,menstrual AND semana
1094,menstrual AND seno
1095,menstrual AND mes
1096,menstrual AND ovulo
1097,menstrual AND efecto
1098,menstrual AND utero
1099,menstrual AND tomar
1100,cuerpo AND zona
1101,cuerpo AND masturbacion
1102,cuerpo AND himen
1103,cuerpo AND virginidad
1104,cuerpo AND virgen
1105,cuerpo AND conocer
1106,cuerpo AND empezar
1107,cuerpo AND ereccion
1108,cuerpo AND placentero
1109,cuerpo AND estimular
1110,cuerpo AND estimulacion
1111,cuerpo AND experimentar
1112,cuerpo AND factor
1113,cuerpo AND influir
1114,cuerpo AND actividad
1115,cuerpo AND doloroso
1116,cuerpo AND femenino
1117,cuerpo AND organo
1118,cuerpo AND referir
1119,cuerpo AND masculino
1120,efecto AND hormonal
1121,efecto AND pildora
1122,efecto AND menstruacion
1123,efecto AND implantar
1124,efecto AND tomar
1125,efecto AND efectividad
1126,efecto AND embarazar
1127,efecto AND emergencia
1128,efecto AND periodo
1129,efecto AND metodo
1130,efecto AND regular
1131,efecto AND disminuir
1132,efecto AND hormona
1133,efecto AND secundario
1134,efecto AND intrauterino
1135,efecto AND subdermico
1136,efecto AND diu
1137,efecto AND medicamento
1138,efecto AND pastilla
1139,efecto AND dispositivo
1140,vih AND adquirir
1141,vih AND sida
1142,vih AND transmitir
1143,vih AND infeccion
1144,vih AND infectar
1145,vih AND contagiar
1146,vih AND herp
1147,vih AND sifili
1148,vih AND contactar
1149,vih AND enfermedad
1150,vih AND relacionar
1151,vih AND humano
1152,vih AND virgen
1153,vih AND humanar
1154,vih AND responsable
1155,vih AND papiloma
1156,vih AND tipo
1157,vih AND its
1158,vih AND madre
1159,vih AND tratar
1160,enfermedad AND contagiar
1161,enfermedad AND herp
1162,enfermedad AND infeccion
1163,enfermedad AND preservativo
1164,enfermedad AND sida
1165,enfermedad AND uterino
1166,enfermedad AND infectar
1167,enfermedad AND sifili
1168,enfermedad AND papiloma
1169,enfermedad AND humanar
1170,enfermedad AND vph
1171,enfermedad AND barrera
1172,enfermedad AND causar
1173,enfermedad AND probabilidad
1174,enfermedad AND condonar
1175,enfermedad AND latex
1176,enfermedad AND transmitir
1177,enfermedad AND generalmente
1178,enfermedad AND producto
1179,enfermedad AND adecuadamente
1180,menstruacion AND periodo
1181,menstruacion AND efecto
1182,menstruacion AND menstrual
1183,menstruacion AND hormona
1184,menstruacion AND hormonal
1185,menstruacion AND secundario
1186,menstruacion AND implantar
1187,menstruacion AND ciclar
1188,menstruacion AND disminuir
1189,menstruacion AND embarazar
1190,menstruacion AND diu
1191,menstruacion AND dispositivo
1192,menstruacion AND tomar
1193,menstruacion AND intrauterino
1194,menstruacion AND subdermico
1195,menstruacion AND medicamento
1196,menstruacion AND pildora
1197,menstruacion AND mes
1198,menstruacion AND ovulo
1199,menstruacion AND efectividad
1200,sexperto AND informacion
1201,sexperto AND acceder
1202,sexperto AND invitar
1203,sexperto AND contenido
1204,sexperto AND siguiente
1205,sexperto AND ano
1206,sexperto AND bogota
1207,sexperto AND tratar
1208,sexperto AND gratuito
1209,sexperto AND trasmision
1210,sexperto AND temer
1211,sexperto AND latex
1212,sexperto AND primero
1213,sexperto AND adolescente
1214,sexperto AND valorar
1215,sexperto AND condonar
1216,sexperto AND medicinar
1217,sexperto AND familiar
1218,sexperto AND necesidad
1219,sexperto AND barrera
1220,segundo AND milisegundo
1221,segundo AND página
1222,segundo AND http
1223,segundo AND referenciar
1224,segundo AND informacion
1225,segundo AND trasmision
1226,segundo AND sexperto
1227,segundo AND latex
1228,segundo AND ano
1229,segundo AND proteger
1230,segundo AND preservativo
1231,segundo AND barrera
1232,segundo AND primero
1233,segundo AND infectar
1234,segundo AND tratar
1235,segundo AND virginidad
1236,segundo AND uterino
1237,segundo AND enfermedad
1238,segundo AND alto
1239,segundo AND acceder
1240,problema AND algun
1241,problema AND molestia
1242,problema AND ocasionar
1243,problema AND asociar
1244,problema AND llamar
1245,problema AND olor
1246,problema AND frecuentar
1247,problema AND dificultar
1248,problema AND especialmente
1249,problema AND flujo
1250,problema AND cantidad
1251,problema AND orinar
1252,problema AND ansiedad
1253,problema AND prepucio
1254,problema AND estr
1255,problema AND frecuente
1256,problema AND lesionar
1257,problema AND caso
1258,problema AND inflamacion
1259,problema AND sustanciar
1260,sintoma AND sifili
1261,sintoma AND flujo
1262,sintoma AND asociar
1263,sintoma AND olor
1264,sintoma AND generalmente
1265,sintoma AND molestia
1266,sintoma AND sistema
1267,sintoma AND bajo
1268,sintoma AND haber
1269,sintoma AND inflamacion
1270,sintoma AND lesionar
1271,sintoma AND retrasar
1272,sintoma AND higiene
1273,sintoma AND lubricante
1274,sintoma AND frecuente
1275,sintoma AND colocar
1276,sintoma AND producto
1277,sintoma AND especialmente
1278,sintoma AND prepucio
1279,sintoma AND frecuentar
1280,emergencia AND pildora
1281,emergencia AND metodo
1282,emergencia AND pastilla
1283,emergencia AND hormonal
1284,emergencia AND efectividad
1285,emergencia AND efecto
1286,emergencia AND embarazar
1287,emergencia AND tomar
1288,emergencia AND regular
1289,emergencia AND anticonceptivo
1290,emergencia AND implantar
1291,emergencia AND menstruacion
1292,emergencia AND disminuir
1293,emergencia AND intrauterino
1294,emergencia AND medicamento
1295,emergencia AND largo
1296,emergencia AND asesorar
1297,emergencia AND necesidad
1298,emergencia AND primero
1299,emergencia AND subdermico
1300,eyaculacion AND semen
1301,eyaculacion AND orgasmo
1302,eyaculacion AND penar
1303,eyaculacion AND excitacion
1304,eyaculacion AND liquidar
1305,eyaculacion AND estimulacion
1306,eyaculacion AND normal
1307,eyaculacion AND lubricacion
1308,eyaculacion AND penetracion
1309,eyaculacion AND genital
1310,eyaculacion AND ereccion
1311,eyaculacion AND eyacular
1312,eyaculacion AND femenino
1313,eyaculacion AND dolor
1314,eyaculacion AND tamano
1315,eyaculacion AND presentar
1316,eyaculacion AND masturbacion
1317,eyaculacion AND placer
1318,eyaculacion AND vagina
1319,eyaculacion AND estimular
1320,orientacion AND querer
1321,orientacion AND acto
1322,orientacion AND identificar
1323,orientacion AND consentimiento
1324,orientacion AND gustar
1325,orientacion AND disfrutar
1326,orientacion AND respetar
1327,orientacion AND atraccion
1328,orientacion AND parejo
1329,orientacion AND violencia
1330,orientacion AND discapacidad
1331,orientacion AND vida
1332,orientacion AND ley
1333,orientacion AND librar
1334,orientacion AND victimar
1335,orientacion AND definir
1336,orientacion AND practicar
1337,orientacion AND resultar
1338,orientacion AND sexualidad
1339,orientacion AND significar
1340,violencia AND victimar
1341,violencia AND ley
1342,violencia AND acto
1343,violencia AND discapacidad
1344,violencia AND colombia
1345,violencia AND delito
1346,violencia AND denunciar
1347,violencia AND edad
1348,violencia AND librar
1349,violencia AND querer
1350,violencia AND abusar
1351,violencia AND consentimiento
1352,violencia AND social
1353,violencia AND legal
1354,violencia AND temer
1355,violencia AND vida
1356,violencia AND respetar
1357,violencia AND apoyar
1358,violencia AND establecer
1359,violencia AND ayudar
1360,ayudar AND establecer
1361,ayudar AND fisica
1362,ayudar AND ser
1363,ayudar AND compartir
1364,ayudar AND emocional
1365,ayudar AND ejercer
1366,ayudar AND condicion
1367,ayudar AND pornografia
1368,ayudar AND obtener
1369,ayudar AND apoyar
1370,ayudar AND comunicacion
1371,ayudar AND definir
1372,ayudar AND implicar
1373,ayudar AND bienestar
1374,ayudar AND situación
1375,ayudar AND librar
1376,ayudar AND ejercicio
1377,ayudar AND incluir
1378,ayudar AND condicionar
1379,ayudar AND explorar
1380,encontrar AND llamar
1381,encontrar AND nivel
1382,encontrar AND alcanzar
1383,encontrar AND estr
1384,encontrar AND dificultar
1385,encontrar AND especialmente
1386,encontrar AND dejar
1387,encontrar AND obtener
1388,encontrar AND ansiedad
1389,encontrar AND ocasionar
1390,encontrar AND sustanciar
1391,encontrar AND negativo
1392,encontrar AND afectar
1393,encontrar AND frecuentar
1394,encontrar AND situación
1395,encontrar AND cirugia
1396,encontrar AND prepucio
1397,encontrar AND condicion
1398,encontrar AND ver
1399,encontrar AND etcétera
1400,siguiente AND contenido
1401,siguiente AND invitar
1402,siguiente AND bogota
1403,siguiente AND medicinar
1404,siguiente AND temer
1405,siguiente AND linear
1406,siguiente AND acudir
1407,siguiente AND beneficio
1408,siguiente AND comunicarte
1409,siguiente AND acceder
1410,siguiente AND recomendación
1411,siguiente AND garantizar
1412,siguiente AND valorar
1413,siguiente AND joven
1414,siguiente AND requerir
1415,siguiente AND manejar
1416,siguiente AND voluntario
1417,siguiente AND adolescente
1418,siguiente AND acceso
1419,siguiente AND vasectomia
1420,caso AND ocasionar
1421,caso AND fisico
1422,caso AND ansiedad
1423,caso AND llamar
1424,caso AND algun
1425,caso AND situación
1426,caso AND estr
1427,caso AND encontrar
1428,caso AND negativo
1429,caso AND resultar
1430,caso AND obtener
1431,caso AND dificultar
1432,caso AND condicion
1433,caso AND emocional
1434,caso AND nivel
1435,caso AND etcétera
1436,caso AND consecuencia
1437,caso AND especialmente
1438,caso AND frecuentar
1439,caso AND alcanzar
1440,reproductivo AND derecho
1441,reproductivo AND colombia
1442,reproductivo AND garantizar
1443,reproductivo AND victimar
1444,reproductivo AND temer
1445,reproductivo AND social
1446,reproductivo AND ley
1447,reproductivo AND abortar
1448,reproductivo AND linear
1449,reproductivo AND poder
1450,reproductivo AND fundamental
1451,reproductivo AND violencia
1452,reproductivo AND edad
1453,reproductivo AND denunciar
1454,reproductivo AND legal
1455,reproductivo AND librar
1456,reproductivo AND discapacidad
1457,reproductivo AND bogota
1458,reproductivo AND apoyar
1459,reproductivo AND decisión
1460,necesidad AND asesorar
1461,necesidad AND entidad
1462,necesidad AND gratuito
1463,necesidad AND dudar
1464,necesidad AND consultar
1465,necesidad AND asesoria
1466,necesidad AND eps
1467,necesidad AND solicitar
1468,necesidad AND metodo
1469,necesidad AND regular
1470,necesidad AND garantizar
1471,necesidad AND acceder
1472,necesidad AND asistir
1473,necesidad AND recibir
1474,necesidad AND citar
1475,necesidad AND primero
1476,necesidad AND valorar
1477,necesidad AND anticoncepcion
1478,necesidad AND doblar
1479,necesidad AND planear
1480,femenino AND eyacular
1481,femenino AND estimular
1482,femenino AND estimulacion
1483,femenino AND masculino
1484,femenino AND conocer
1485,femenino AND liquidar
1486,femenino AND ereccion
1487,femenino AND nivel
1488,femenino AND estr
1489,femenino AND semen
1490,femenino AND dificultar
1491,femenino AND inflamacion
1492,femenino AND ocasionar
1493,femenino AND llamar
1494,femenino AND actividad
1495,femenino AND experimentar
1496,femenino AND lubricacion
1497,femenino AND tamano
1498,femenino AND normal
1499,femenino AND cantidad
1500,penetracion AND lubricacion
1501,penetracion AND genital
1502,penetracion AND vagina
1503,penetracion AND masturbacion
1504,penetracion AND vaginal
1505,penetracion AND estimulacion
1506,penetracion AND relacion
1507,penetracion AND contactar
1508,penetracion AND penar
1509,penetracion AND excitacion
1510,penetracion AND placentero
1511,penetracion AND ereccion
1512,penetracion AND eyaculacion
1513,penetracion AND placer
1514,penetracion AND semen
1515,penetracion AND normal
1516,penetracion AND cuerpo
1517,penetracion AND orgasmo
1518,penetracion AND femenino
1519,penetracion AND liquidar
1520,proteger AND unico
1521,proteger AND barrera
1522,proteger AND preservativo
1523,proteger AND transmision
1524,proteger AND infección
1525,proteger AND trasmision
1526,proteger AND doblar
1527,proteger AND enfermedad
1528,proteger AND condon
1529,proteger AND prevencion
1530,proteger AND planear
1531,proteger AND condonar
1532,proteger AND infeccion
1533,proteger AND latex
1534,proteger AND embarazo
1535,proteger AND sida
1536,proteger AND contagiar
1537,proteger AND tratar
1538,proteger AND ano
1539,proteger AND acceder
1540,probar AND mesar
1541,probar AND recomendar
1542,probar AND requerir
1543,probar AND casar
1544,probar AND acudir
1545,probar AND especificar
1546,probar AND iniciar
1547,probar AND inmediato
1548,probar AND efectivo
1549,probar AND adecuar
1550,probar AND examen
1551,probar AND voluntario
1552,probar AND seguro
1553,probar AND situacion
1554,probar AND apropiar
1555,probar AND interrupcion
1556,probar AND descartar
1557,probar AND adicionalmente
1558,probar AND abortar
1559,probar AND correcto
1560,medicamento AND disminuir
1561,medicamento AND iniciar
1562,medicamento AND secundario
1563,medicamento AND implantar
1564,medicamento AND subdermico
1565,medicamento AND mes
1566,medicamento AND efectivo
1567,medicamento AND tomar
1568,medicamento AND regular
1569,medicamento AND mesar
1570,medicamento AND efectividad
1571,medicamento AND dispositivo
1572,medicamento AND hormona
1573,medicamento AND recomendar
1574,medicamento AND diu
1575,medicamento AND semana
1576,medicamento AND correcto
1577,medicamento AND duracion
1578,medicamento AND probar
1579,medicamento AND casar
1580,solicitar AND eps
1581,solicitar AND recibir
1582,solicitar AND atencion
1583,solicitar AND consultar
1584,solicitar AND dudar
1585,solicitar AND poder
1586,solicitar AND medicar
1587,solicitar AND gratuito
1588,solicitar AND asesorar
1589,solicitar AND centrar
1590,solicitar AND asesoria
1591,solicitar AND garantizar
1592,solicitar AND especificar
1593,solicitar AND salud
1594,solicitar AND valoracion
1595,solicitar AND adecuar
1596,solicitar AND necesidad
1597,solicitar AND recomer
1598,solicitar AND requerir
1599,solicitar AND recomendar
1600,recomendar AND efectivo
1601,recomendar AND requerir
1602,recomendar AND adecuar
1603,recomendar AND mesar
1604,recomendar AND iniciar
1605,recomendar AND embarazo
1606,recomendar AND prevencion
1607,recomendar AND descartar
1608,recomendar AND correcto
1609,recomendar AND inmediato
1610,recomendar AND especificar
1611,recomendar AND duracion
1612,recomendar AND examen
1613,recomendar AND adicionalmente
1614,recomendar AND acudir
1615,recomendar AND planear
1616,recomendar AND empacar
1617,recomendar AND probar
1618,recomendar AND mes
1619,recomendar AND apropiar
1620,hijo AND edad
1621,hijo AND responsable
1622,hijo AND adolescente
1623,hijo AND madre
1624,hijo AND humano
1625,hijo AND ley
1626,hijo AND colombiano
1627,hijo AND fundamental
1628,hijo AND apoyar
1629,hijo AND legal
1630,hijo AND social
1631,hijo AND delito
1632,hijo AND bogota
1633,hijo AND familiar
1634,hijo AND librar
1635,hijo AND discapacidad
1636,hijo AND decisión
1637,hijo AND denunciar
1638,hijo AND acceso
1639,hijo AND incluir
1640,contactar AND piel
1641,contactar AND genital
1642,contactar AND relacion
1643,contactar AND lubricacion
1644,contactar AND adquirir
1645,contactar AND placentero
1646,contactar AND lesionar
1647,contactar AND transmitir
1648,contactar AND significar
1649,contactar AND estimular
1650,contactar AND actividad
1651,contactar AND inflamacion
1652,contactar AND doloroso
1653,contactar AND malo
1654,contactar AND estimulacion
1655,contactar AND presion
1656,contactar AND posibilidad
1657,contactar AND conocer
1658,contactar AND vaginal
1659,contactar AND referir
1660,efectividad AND tomar
1661,efectividad AND regular
1662,efectividad AND implantar
1663,efectividad AND medicamento
1664,efectividad AND hormonal
1665,efectividad AND metodo
1666,efectividad AND efecto
1667,efectividad AND embarazar
1668,efectividad AND disminuir
1669,efectividad AND emergencia
1670,efectividad AND pildora
1671,efectividad AND subdermico
1672,efectividad AND iniciar
1673,efectividad AND intrauterino
1674,efectividad AND secundario
1675,efectividad AND menstruacion
1676,efectividad AND efectivo
1677,efectividad AND diu
1678,efectividad AND mes
1679,efectividad AND dispositivo
1680,centrar AND atencion
1681,centrar AND salud
1682,centrar AND asesoria
1683,centrar AND recomer
1684,centrar AND recibir
1685,centrar AND solicitar
1686,centrar AND consultar
1687,centrar AND dudar
1688,centrar AND eps
1689,centrar AND medicar
1690,centrar AND asistir
1691,centrar AND valoracion
1692,centrar AND asesorar
1693,centrar AND poder
1694,centrar AND prevenir
1695,centrar AND citar
1696,centrar AND gratuito
1697,centrar AND anticoncepcion
1698,centrar AND especificar
1699,centrar AND necesidad
1700,disminuir AND mes
1701,disminuir AND subdermico
1702,disminuir AND secundario
1703,disminuir AND dispositivo
1704,disminuir AND efectivo
1705,disminuir AND iniciar
1706,disminuir AND medicamento
1707,disminuir AND duracion
1708,disminuir AND diu
1709,disminuir AND hormona
1710,disminuir AND correcto
1711,disminuir AND semana
1712,disminuir AND implantar
1713,disminuir AND intrauterino
1714,disminuir AND mesar
1715,disminuir AND regular
1716,disminuir AND recomendar
1717,disminuir AND largo
1718,disminuir AND empacar
1719,disminuir AND inmediato
1720,placer AND practicar
1721,placer AND gustar
1722,placer AND excitacion
1723,placer AND masturbacion
1724,placer AND relacion
1725,placer AND orgasmo
1726,placer AND placentero
1727,placer AND disfrutar
1728,placer AND estimulacion
1729,placer AND parejo
1730,placer AND identificar
1731,placer AND penetracion
1732,placer AND malo
1733,placer AND significar
1734,placer AND normal
1735,placer AND sexualidad
1736,placer AND conocer
1737,placer AND actividad
1738,placer AND cuerpo
1739,placer AND penar
1740,colombia AND ley
1741,colombia AND social
1742,colombia AND fundamental
1743,colombia AND legal
1744,colombia AND librar
1745,colombia AND denunciar
1746,colombia AND edad
1747,colombia AND victimar
1748,colombia AND decisión
1749,colombia AND discapacidad
1750,colombia AND apoyar
1751,colombia AND linear
1752,colombia AND temer
1753,colombia AND delito
1754,colombia AND cortar
1755,colombia AND incluir
1756,colombia AND ser
1757,colombia AND reproductivo
1758,colombia AND voluntario
1759,colombia AND ejercicio
1760,anal AND genital
1761,anal AND penetracion
1762,anal AND practicar
1763,anal AND parejo
1764,anal AND vaginal
1765,anal AND contactar
1766,anal AND relacion
1767,anal AND placer
1768,anal AND excitacion
1769,anal AND lubricacion
1770,anal AND penar
1771,anal AND oral
1772,anal AND gustar
1773,anal AND sexual
1774,anal AND relacionar
1775,anal AND semen
1776,anal AND placentero
1777,anal AND masturbacion
1778,anal AND piel
1779,anal AND estimulacion
1780,eps AND solicitar
1781,eps AND consultar
1782,eps AND recibir
1783,eps AND dudar
1784,eps AND poder
1785,eps AND gratuito
1786,eps AND garantizar
1787,eps AND atencion
1788,eps AND medicar
1789,eps AND especificar
1790,eps AND asesorar
1791,eps AND adecuar
1792,eps AND requerir
1793,eps AND acudir
1794,eps AND abortar
1795,eps AND siguiente
1796,eps AND recomendar
1797,eps AND valorar
1798,eps AND valoracion
1799,eps AND necesidad
1800,resultar AND caso
1801,resultar AND comunicacion
1802,resultar AND presion
1803,resultar AND malo
1804,resultar AND definir
1805,resultar AND conocer
1806,resultar AND actividad
1807,resultar AND estimular
1808,resultar AND emocional
1809,resultar AND ocasionar
1810,resultar AND identificar
1811,resultar AND diferenciar
1812,resultar AND fisico
1813,resultar AND estr
1814,resultar AND significar
1815,resultar AND consentimiento
1816,resultar AND obtener
1817,resultar AND estimulacion
1818,resultar AND algun
1819,resultar AND gustar
1820,victimar AND violencia
1821,victimar AND ley
1822,victimar AND colombia
1823,victimar AND denunciar
1824,victimar AND delito
1825,victimar AND social
1826,victimar AND discapacidad
1827,victimar AND acto
1828,victimar AND legal
1829,victimar AND librar
1830,victimar AND edad
1831,victimar AND querer
1832,victimar AND apoyar
1833,victimar AND fundamental
1834,victimar AND abusar
1835,victimar AND consentimiento
1836,victimar AND decisión
1837,victimar AND establecer
1838,victimar AND linear
1839,victimar AND incluir
1840,temer AND linear
1841,temer AND bogota
1842,temer AND comunicarte
1843,temer AND social
1844,temer AND apoyar
1845,temer AND denunciar
1846,temer AND librar
1847,temer AND ley
1848,temer AND legal
1849,temer AND edad
1850,temer AND fundamental
1851,temer AND adolescente
1852,temer AND acceso
1853,temer AND discapacidad
1854,temer AND medicinar
1855,temer AND ser
1856,temer AND cortar
1857,temer AND colombia
1858,temer AND colombiano
1859,temer AND ayudar
1860,orgasmo AND excitacion
1861,orgasmo AND estimulacion
1862,orgasmo AND normal
1863,orgasmo AND placentero
1864,orgasmo AND eyaculacion
1865,orgasmo AND placer
1866,orgasmo AND semen
1867,orgasmo AND masturbacion
1868,orgasmo AND femenino
1869,orgasmo AND gustar
1870,orgasmo AND conocer
1871,orgasmo AND eyacular
1872,orgasmo AND relacion
1873,orgasmo AND resultar
1874,orgasmo AND liquidar
1875,orgasmo AND ereccion
1876,orgasmo AND malo
1877,orgasmo AND estimular
1878,orgasmo AND lubricacion
1879,orgasmo AND practicar
1880,incluir AND establecer
1881,incluir AND ser
1882,incluir AND ejercer
1883,incluir AND librar
1884,incluir AND ejercicio
1885,incluir AND apoyar
1886,incluir AND humano
1887,incluir AND bienestar
1888,incluir AND delito
1889,incluir AND emocional
1890,incluir AND ayudar
1891,incluir AND decisión
1892,incluir AND condicion
1893,incluir AND pornografia
1894,incluir AND condicionar
1895,incluir AND fisica
1896,incluir AND compartir
1897,incluir AND definir
1898,incluir AND implicar
1899,incluir AND colombiano
1900,masturbacion AND placentero
1901,masturbacion AND cuerpo
1902,masturbacion AND estimulacion
1903,masturbacion AND placer
1904,masturbacion AND relacion
1905,masturbacion AND orgasmo
1906,masturbacion AND penetracion
1907,masturbacion AND malo
1908,masturbacion AND conocer
1909,masturbacion AND actividad
1910,masturbacion AND ereccion
1911,masturbacion AND significar
1912,masturbacion AND virginidad
1913,masturbacion AND himen
1914,masturbacion AND zona
1915,masturbacion AND excitacion
1916,masturbacion AND experimentar
1917,masturbacion AND virgen
1918,masturbacion AND estimular
1919,masturbacion AND normal
1920,dudar AND gratuito
1921,dudar AND eps
1922,dudar AND consultar
1923,dudar AND recibir
1924,dudar AND asesorar
1925,dudar AND solicitar
1926,dudar AND medicar
1927,dudar AND garantizar
1928,dudar AND adecuar
1929,dudar AND poder
1930,dudar AND especificar
1931,dudar AND atencion
1932,dudar AND necesidad
1933,dudar AND recomendar
1934,dudar AND requerir
1935,dudar AND valorar
1936,dudar AND embarazo
1937,dudar AND acudir
1938,dudar AND prevencion
1939,dudar AND regular
1940,periodo AND hormona
1941,periodo AND menstruacion
1942,periodo AND secundario
1943,periodo AND ovulo
1944,periodo AND dispositivo
1945,periodo AND diu
1946,periodo AND intrauterino
1947,periodo AND disminuir
1948,periodo AND mes
1949,periodo AND semana
1950,periodo AND subdermico
1951,periodo AND retrasar
1952,periodo AND alteración
1953,periodo AND espermatozoide
1954,periodo AND duracion
1955,periodo AND utero
1956,periodo AND bajo
1957,periodo AND probabilidad
1958,periodo AND efecto
1959,periodo AND alterar
1960,especificar AND requerir
1961,especificar AND acudir
1962,especificar AND adecuar
1963,especificar AND recomendar
1964,especificar AND poder
1965,especificar AND medicar
1966,especificar AND mesar
1967,especificar AND descartar
1968,especificar AND examen
1969,especificar AND apropiar
1970,especificar AND situacion
1971,especificar AND probar
1972,especificar AND inmediato
1973,especificar AND adicionalmente
1974,especificar AND garantizar
1975,especificar AND seguro
1976,especificar AND voluntario
1977,especificar AND embarazo
1978,especificar AND casar
1979,especificar AND manejar
1980,abortar AND interrupcion
1981,abortar AND voluntario
1982,abortar AND garantizar
1983,abortar AND acudir
1984,abortar AND legal
1985,abortar AND social
1986,abortar AND inmediato
1987,abortar AND fundamental
1988,abortar AND requerir
1989,abortar AND situacion
1990,abortar AND cortar
1991,abortar AND acceso
1992,abortar AND especificar
1993,abortar AND probar
1994,abortar AND seguro
1995,abortar AND decisión
1996,abortar AND beneficio
1997,abortar AND denunciar
1998,abortar AND medicinar
1999,abortar AND mesar
